m,eon,t0,L,dl,e0,t1,t2,RMSE,source_file,abs_t1,abs_t2,abs_t2_over_t1,aM_over_a,aM_over_L
2,0.0,1.0,0.5,0.0,-12.1828588532361,-1.52898614369185,-0.347795460344396,0.466536467003772,m_variation/dl=0.0_L=0.5/m=2_fitting_dl=0.0_eon=0.0_t0=1.0_L=0.5.txt,1.52898614369185,0.347795460344396,0.22746802629919077,2.23606797749979,4.47213595499958
3,0.0,1.0,0.5,0.0,-14.6166093717791,-1.16520168710229,-0.15973131049783,0.599075000693152,m_variation/dl=0.0_L=0.5/m=3_fitting_dl=0.0_eon=0.0_t0=1.0_L=0.5.txt,1.16520168710229,0.15973131049783,0.13708468865597134,3.1622776601683795,6.324555320336759
4,0.0,1.0,0.5,0.0,-15.9318747043665,-0.810585277756231,-0.0647609526164334,0.435652277563103,m_variation/dl=0.0_L=0.5/m=4_fitting_dl=0.0_eon=0.0_t0=1.0_L=0.5.txt,0.810585277756231,0.0647609526164334,0.07989406468829192,4.123105625617661,8.246211251235321
5,0.0,1.0,0.5,0.0,-16.8794501591771,-0.592530288938523,-0.0351262190560121,0.361703655290583,m_variation/dl=0.0_L=0.5/m=5_fitting_dl=0.0_eon=0.0_t0=1.0_L=0.5.txt,0.592530288938523,0.0351262190560121,0.059281727384668026,5.0990195135927845,10.198039027185569
6,0.0,1.0,0.5,0.0,-17.4129207311115,-0.435656967125357,-0.0168486753039438,0.264609239302422,m_variation/dl=0.0_L=0.5/m=6_fitting_dl=0.0_eon=0.0_t0=1.0_L=0.5.txt,0.435656967125357,0.0168486753039438,0.03867417848294326,6.082762530298219,12.165525060596439
7,0.0,1.0,0.5,0.0,-17.8178664035278,-0.33712863114227,-0.0113735863752457,0.21732307649688,m_variation/dl=0.0_L=0.5/m=7_fitting_dl=0.0_eon=0.0_t0=1.0_L=0.5.txt,0.33712863114227,0.0113735863752457,0.03373663736808515,7.0710678118654755,14.142135623730951
2,0.0,1.0,0.3,0.1,-21.6877981724714,-0.435337592928213,-0.0921322099179224,0.0299263037077972,m_variation/dl=0.1_L=0.3/m=2_fitting_dl=0.1_eon=0.0_t0=1.0_L=0.3.txt,0.435337592928213,0.0921322099179224,0.2116339397620434,2.23606797749979,7.4535599249993
3,0.0,1.0,0.3,0.1,-22.3058823996879,-0.327098073236768,-0.0792975638196512,0.162624047089049,m_variation/dl=0.1_L=0.3/m=3_fitting_dl=0.1_eon=0.0_t0=1.0_L=0.3.txt,0.327098073236768,0.0792975638196512,0.2424274867625164,3.1622776601683795,10.5409255338946
4,0.0,1.0,0.3,0.1,-22.02731171765,-0.104013755305721,-0.0160145163021332,0.00768382232307304,m_variation/dl=0.1_L=0.3/m=4_fitting_dl=0.1_eon=0.0_t0=1.0_L=0.3.txt,0.104013755305721,0.0160145163021332,0.15396536982116213,4.123105625617661,13.743685418725535
5,0.0,1.0,0.3,0.1,-22.2877230202497,-0.098103122717169,-0.0240273811925534,0.0502401327262445,m_variation/dl=0.1_L=0.3/m=5_fitting_dl=0.1_eon=0.0_t0=1.0_L=0.3.txt,0.098103122717169,0.0240273811925534,0.24491963687867782,5.0990195135927845,16.99673171197595
6,0.0,1.0,0.3,0.1,-22.322601620228,-0.0312408119645879,-0.00365000201531953,0.00149780422918347,m_variation/dl=0.1_L=0.3/m=6_fitting_dl=0.1_eon=0.0_t0=1.0_L=0.3.txt,0.0312408119645879,0.00365000201531953,0.1168344158102191,6.082762530298219,20.275875100994064
7,0.0,1.0,0.3,0.1,-22.5988713476481,-0.0328430478579084,-0.00842836287392802,0.0163997224974789,m_variation/dl=0.1_L=0.3/m=7_fitting_dl=0.1_eon=0.0_t0=1.0_L=0.3.txt,0.0328430478579084,0.00842836287392802,0.2566254785607093,7.0710678118654755,23.570226039551585
2,0.0,1.0,0.4,0.1,-13.4467853633714,-1.15249204914915,-0.233882706619505,0.351006294418212,m_variation/dl=0.1_L=0.4/m=2_fitting_dl=0.1_eon=0.0_t0=1.0_L=0.4.txt,1.15249204914915,0.233882706619505,0.2029365033729938,2.23606797749979,5.5901699437494745
3,0.0,1.0,0.4,0.1,-15.2766509245498,-0.840702980082105,-0.10567763408154,0.455971317850961,m_variation/dl=0.1_L=0.4/m=3_fitting_dl=0.1_eon=0.0_t0=1.0_L=0.4.txt,0.840702980082105,0.10567763408154,0.12570151002821386,3.1622776601683795,7.905694150420948
4,0.0,1.0,0.4,0.1,-16.1681704202396,-0.564874598863468,-0.0359288290059649,0.301702046651379,m_variation/dl=0.1_L=0.4/m=4_fitting_dl=0.1_eon=0.0_t0=1.0_L=0.4.txt,0.564874598863468,0.0359288290059649,0.06360496485105539,4.123105625617661,10.30776406404415
5,0.0,1.0,0.4,0.1,-16.8370604784645,-0.406658914921486,-0.0209671624248673,0.252559878519346,m_variation/dl=0.1_L=0.4/m=5_fitting_dl=0.1_eon=0.0_t0=1.0_L=0.4.txt,0.406658914921486,0.0209671624248673,0.05155957893832341,5.0990195135927845,12.74754878398196
6,0.0,1.0,0.4,0.1,-17.2241914517561,-0.294742847244313,-0.00836393649553363,0.180090709366853,m_variation/dl=0.1_L=0.4/m=6_fitting_dl=0.1_eon=0.0_t0=1.0_L=0.4.txt,0.294742847244313,0.00836393649553363,0.02837706351055483,6.082762530298219,15.206906325745548
7,0.0,1.0,0.4,0.1,-17.5158100210301,-0.224841903567537,-0.00645927817374428,0.145942754954802,m_variation/dl=0.1_L=0.4/m=7_fitting_dl=0.1_eon=0.0_t0=1.0_L=0.4.txt,0.224841903567537,0.00645927817374428,0.028728088809317837,7.0710678118654755,17.67766952966369
2,0.0,1.0,0.5,0.1,-11.4623863077453,-1.61815225173612,-0.338915641603789,0.573878795463409,m_variation/dl=0.1_L=0.5/m=2_fitting_dl=0.1_eon=0.0_t0=1.0_L=0.5.txt,1.61815225173612,0.338915641603789,0.20944607730216083,2.23606797749979,4.47213595499958
3,0.0,1.0,0.5,0.1,-14.0858344082844,-1.19277262581694,-0.147870143416216,0.62574757955916,m_variation/dl=0.1_L=0.5/m=3_fitting_dl=0.1_eon=0.0_t0=1.0_L=0.5.txt,1.19277262581694,0.147870143416216,0.1239717782045329,3.1622776601683795,6.324555320336759
4,0.0,1.0,0.5,0.1,-15.6061864577379,-0.82991759438572,-0.0623075329740718,0.474782318600152,m_variation/dl=0.1_L=0.5/m=4_fitting_dl=0.1_eon=0.0_t0=1.0_L=0.5.txt,0.82991759438572,0.0623075329740718,0.07507677074877532,4.123105625617661,8.246211251235321
5,0.0,1.0,0.5,0.1,-16.5709998317551,-0.597598446874351,-0.0321888520331477,0.369418363969243,m_variation/dl=0.1_L=0.5/m=5_fitting_dl=0.1_eon=0.0_t0=1.0_L=0.5.txt,0.597598446874351,0.0321888520331477,0.05386368087384874,5.0990195135927845,10.198039027185569
6,0.0,1.0,0.5,0.1,-17.1576609884613,-0.441727537906029,-0.0167754716578715,0.279200817613936,m_variation/dl=0.1_L=0.5/m=6_fitting_dl=0.1_eon=0.0_t0=1.0_L=0.5.txt,0.441727537906029,0.0167754716578715,0.037976965931067294,6.082762530298219,12.165525060596439
7,0.0,1.0,0.5,0.1,-17.5607898678257,-0.338752073167437,-0.0103415321615402,0.220336827769213,m_variation/dl=0.1_L=0.5/m=7_fitting_dl=0.1_eon=0.0_t0=1.0_L=0.5.txt,0.338752073167437,0.0103415321615402,0.030528321391050585,7.0710678118654755,14.142135623730951
2,0.0,1.0,0.6,0.1,-10.7499940469073,-1.99380224056487,-0.473298763510097,0.664594086407668,m_variation/dl=0.1_L=0.6/m=2_fitting_dl=0.1_eon=0.0_t0=1.0_L=0.6.txt,1.99380224056487,0.473298763510097,0.23738500934576404,2.23606797749979,3.72677996249965
3,0.0,1.0,0.6,0.1,-13.9572405901125,-1.55115241184552,-0.232623530388468,0.753551277742196,m_variation/dl=0.1_L=0.6/m=3_fitting_dl=0.1_eon=0.0_t0=1.0_L=0.6.txt,1.55115241184552,0.232623530388468,0.14996819694313512,3.1622776601683795,5.2704627669473
4,0.0,1.0,0.6,0.1,-15.9746553838436,-1.13042313721088,-0.112008243699206,0.622426174634558,m_variation/dl=0.1_L=0.6/m=4_fitting_dl=0.1_eon=0.0_t0=1.0_L=0.6.txt,1.13042313721088,0.112008243699206,0.09908523632625446,4.123105625617661,6.871842709362768
5,0.0,1.0,0.6,0.1,-17.2680550388726,-0.834753398922471,-0.0590369236741914,0.497372422203861,m_variation/dl=0.1_L=0.6/m=5_fitting_dl=0.1_eon=0.0_t0=1.0_L=0.6.txt,0.834753398922471,0.0590369236741914,0.07072378950525789,5.0990195135927845,8.498365855987975
6,0.0,1.0,0.6,0.1,-18.0871579473702,-0.629474686006741,-0.0326748360008525,0.38929345228318,m_variation/dl=0.1_L=0.6/m=6_fitting_dl=0.1_eon=0.0_t0=1.0_L=0.6.txt,0.629474686006741,0.0326748360008525,0.05190810167146672,6.082762530298219,10.137937550497032
7,0.0,1.0,0.6,0.1,-18.6484556969278,-0.488122311921387,-0.0197970520018271,0.311036388738852,m_variation/dl=0.1_L=0.6/m=7_fitting_dl=0.1_eon=0.0_t0=1.0_L=0.6.txt,0.488122311921387,0.0197970520018271,0.04055756419717903,7.0710678118654755,11.785113019775793
2,0.0,1.0,0.75,0.1,-10.3899739435822,-2.50076611492008,-0.711618314864247,0.671183567688141,m_variation/dl=0.1_L=0.75/m=2_fitting_dl=0.1_eon=0.0_t0=1.0_L=0.75.txt,2.50076611492008,0.711618314864247,0.28456012364314565,2.23606797749979,2.9814239699997196
3,0.0,1.0,0.75,0.1,-14.3190139823773,-2.13796207730953,-0.417502935912904,0.89595863143602,m_variation/dl=0.1_L=0.75/m=3_fitting_dl=0.1_eon=0.0_t0=1.0_L=0.75.txt,2.13796207730953,0.417502935912904,0.19528079583071986,3.1622776601683795,4.216370213557839
4,0.0,1.0,0.75,0.1,-17.0598602865615,-1.67564432689134,-0.230438533074433,0.839855397310556,m_variation/dl=0.1_L=0.75/m=4_fitting_dl=0.1_eon=0.0_t0=1.0_L=0.75.txt,1.67564432689134,0.230438533074433,0.13752234252596027,4.123105625617661,5.497474167490214
5,0.0,1.0,0.75,0.1,-18.9225013503909,-1.29552070540439,-0.130085375183144,0.719097709730196,m_variation/dl=0.1_L=0.75/m=5_fitting_dl=0.1_eon=0.0_t0=1.0_L=0.75.txt,1.29552070540439,0.130085375183144,0.10041165273583068,5.0990195135927845,6.798692684790379
6,0.0,1.0,0.75,0.1,-20.1726338430206,-1.00856018428183,-0.0761306147504881,0.593204106368297,m_variation/dl=0.1_L=0.75/m=6_fitting_dl=0.1_eon=0.0_t0=1.0_L=0.75.txt,1.00856018428183,0.0761306147504881,0.07548445391456612,6.082762530298219,8.110350040397625
7,0.0,1.0,0.75,0.1,-21.0478736909964,-0.798317535003343,-0.0470186549330326,0.488707676419766,m_variation/dl=0.1_L=0.75/m=7_fitting_dl=0.1_eon=0.0_t0=1.0_L=0.75.txt,0.798317535003343,0.0470186549330326,0.05889718422987628,7.0710678118654755,9.428090415820634
2,0.0,1.0,1.0,0.1,-10.3691437265428,-3.24862038808256,-1.14105695716132,0.50787772726276,m_variation/dl=0.1_L=1.0/m=2_fitting_dl=0.1_eon=0.0_t0=1.0_L=1.0.txt,3.24862038808256,1.14105695716132,0.35124354983033534,2.23606797749979,2.23606797749979
3,0.0,1.0,1.0,0.1,-15.2695917116794,-3.18263899157065,-0.83895324693624,0.992920413323595,m_variation/dl=0.1_L=1.0/m=3_fitting_dl=0.1_eon=0.0_t0=1.0_L=1.0.txt,3.18263899157065,0.83895324693624,0.26360301911660167,3.1622776601683795,3.1622776601683795
4,0.0,1.0,1.0,0.1,-19.1704804211838,-2.77798150927118,-0.552766475588156,1.14743845840163,m_variation/dl=0.1_L=1.0/m=4_fitting_dl=0.1_eon=0.0_t0=1.0_L=1.0.txt,2.77798150927118,0.552766475588156,0.1989813372563367,4.123105625617661,4.123105625617661
5,0.0,1.0,1.0,0.1,-22.1010271748773,-2.3187934593767,-0.35302534617227,1.11782798250106,m_variation/dl=0.1_L=1.0/m=5_fitting_dl=0.1_eon=0.0_t0=1.0_L=1.0.txt,2.3187934593767,0.35302534617227,0.1522452742587796,5.0990195135927845,5.0990195135927845
6,0.0,1.0,1.0,0.1,-24.2443687582251,-1.90723914301805,-0.225985759241931,1.00976740251067,m_variation/dl=0.1_L=1.0/m=6_fitting_dl=0.1_eon=0.0_t0=1.0_L=1.0.txt,1.90723914301805,0.225985759241931,0.11848842347285671,6.082762530298219,6.082762530298219
7,0.0,1.0,1.0,0.1,-25.826710063834,-1.56934012517327,-0.147776248301189,0.884582045063068,m_variation/dl=0.1_L=1.0/m=7_fitting_dl=0.1_eon=0.0_t0=1.0_L=1.0.txt,1.56934012517327,0.147776248301189,0.09416457651898316,7.0710678118654755,7.0710678118654755
2,0.0,1.0,1.5,0.1,-10.8239942864359,-4.41981624889987,-1.94415965321281,0.165808975649171,m_variation/dl=0.1_L=1.5/m=2_fitting_dl=0.1_eon=0.0_t0=1.0_L=1.5.txt,4.41981624889987,1.94415965321281,0.4398734118633842,2.23606797749979,1.4907119849998598
3,0.0,1.0,1.5,0.1,-17.1317665822737,-5.20247539854721,-1.8798902068386,0.728903653107349,m_variation/dl=0.1_L=1.5/m=3_fitting_dl=0.1_eon=0.0_t0=1.0_L=1.5.txt,5.20247539854721,1.8798902068386,0.3613453332933701,3.1622776601683795,2.1081851067789197
4,0.0,1.0,1.5,0.1,-23.0056460739361,-5.29706470029928,-1.57637284654068,1.34996114062816,m_variation/dl=0.1_L=1.5/m=4_fitting_dl=0.1_eon=0.0_t0=1.0_L=1.5.txt,5.29706470029928,1.57637284654068,0.2975936553034016,4.123105625617661,2.748737083745107
5,0.0,1.0,1.5,0.1,-28.0832626375053,-5.00384611256834,-1.22627459199404,1.71123540087244,m_variation/dl=0.1_L=1.5/m=5_fitting_dl=0.1_eon=0.0_t0=1.0_L=1.5.txt,5.00384611256834,1.22627459199404,0.24506640780058409,5.0990195135927845,3.3993463423951895
6,0.0,1.0,1.5,0.1,-32.2965477725594,-4.5395208598227,-0.919605552132741,1.85161946016159,m_variation/dl=0.1_L=1.5/m=6_fitting_dl=0.1_eon=0.0_t0=1.0_L=1.5.txt,4.5395208598227,0.919605552132741,0.20257766855347328,6.082762530298219,4.055175020198813
7,0.0,1.0,1.5,0.1,-35.7348993856411,-4.03234491472535,-0.679915744909127,1.84830547207643,m_variation/dl=0.1_L=1.5/m=7_fitting_dl=0.1_eon=0.0_t0=1.0_L=1.5.txt,4.03234491472535,0.679915744909127,0.16861547295376572,7.0710678118654755,4.714045207910317
2,0.0,1.0,2.0,0.1,-11.3855310680917,-5.25038478617007,-2.60124596671395,0.732897276461254,m_variation/dl=0.1_L=2.0/m=2_fitting_dl=0.1_eon=0.0_t0=1.0_L=2.0.txt,5.25038478617007,2.60124596671395,0.49543911020880566,2.23606797749979,1.118033988749895
3,0.0,1.0,2.0,0.1,-18.7033700691784,-6.92219987826628,-2.93496515898557,0.252464925383279,m_variation/dl=0.1_L=2.0/m=3_fitting_dl=0.1_eon=0.0_t0=1.0_L=2.0.txt,6.92219987826628,2.93496515898557,0.423993125104711,3.1622776601683795,1.5811388300841898
4,0.0,1.0,2.0,0.1,-26.1015277292885,-7.78682394289577,-2.84850316897733,1.02501399583406,m_variation/dl=0.1_L=2.0/m=4_fitting_dl=0.1_eon=0.0_t0=1.0_L=2.0.txt,7.78682394289577,2.84850316897733,0.3658106552641572,4.123105625617661,2.0615528128088303
5,0.0,1.0,2.0,0.1,-33.0450423413137,-8.01360963986241,-2.53064665006775,1.78744730485729,m_variation/dl=0.1_L=2.0/m=5_fitting_dl=0.1_eon=0.0_t0=1.0_L=2.0.txt,8.01360963986241,2.53064665006775,0.31579360160987324,5.0990195135927845,2.5495097567963922
6,0.0,1.0,2.0,0.1,-39.2783345532746,-7.82592495657187,-2.13179879038688,2.32763368141014,m_variation/dl=0.1_L=2.0/m=6_fitting_dl=0.1_eon=0.0_t0=1.0_L=2.0.txt,7.82592495657187,2.13179879038688,0.2724021508277674,6.082762530298219,3.0413812651491097
7,0.0,1.0,2.0,0.1,-44.7416672412216,-7.40106516647434,-1.74170837288581,2.64525193741705,m_variation/dl=0.1_L=2.0/m=7_fitting_dl=0.1_eon=0.0_t0=1.0_L=2.0.txt,7.40106516647434,1.74170837288581,0.23533212229713565,7.0710678118654755,3.5355339059327378
2,0.0,1.0,2.5,0.1,-11.9134186867245,-5.85850353685658,-3.12104372800776,1.27879205528016,m_variation/dl=0.1_L=2.5/m=2_fitting_dl=0.1_eon=0.0_t0=1.0_L=2.5.txt,5.85850353685658,3.12104372800776,0.5327373634534626,2.23606797749979,0.894427190999916
3,0.0,1.0,2.5,0.1,-20.0516000536958,-8.31999291068959,-3.89620201821724,0.753576805819927,m_variation/dl=0.1_L=2.5/m=3_fitting_dl=0.1_eon=0.0_t0=1.0_L=2.5.txt,8.31999291068959,3.89620201821724,0.468293910829103,3.1622776601683795,1.2649110640673518
4,0.0,1.0,2.5,0.1,-28.6597326241921,-10.0338784378775,-4.15633958531121,0.467168932315707,m_variation/dl=0.1_L=2.5/m=4_fitting_dl=0.1_eon=0.0_t0=1.0_L=2.5.txt,10.0338784378775,4.15633958531121,0.4142306099325651,4.123105625617661,1.6492422502470643
5,0.0,1.0,2.5,0.1,-37.1616006084161,-10.9794317600799,-4.04040768707911,1.39958277872624,m_variation/dl=0.1_L=2.5/m=5_fitting_dl=0.1_eon=0.0_t0=1.0_L=2.5.txt,10.9794317600799,4.04040768707911,0.36799788690063384,5.0990195135927845,2.0396078054371136
6,0.0,1.0,2.5,0.1,-45.1953622682209,-11.3202477299357,-3.70111920060399,2.29959823092768,m_variation/dl=0.1_L=2.5/m=6_fitting_dl=0.1_eon=0.0_t0=1.0_L=2.5.txt,11.3202477299357,3.70111920060399,0.32694683799336016,6.082762530298219,2.4331050121192876
7,0.0,1.0,2.5,0.1,-52.5868822190336,-11.235398301514,-3.26137049842186,3.00409408097274,m_variation/dl=0.1_L=2.5/m=7_fitting_dl=0.1_eon=0.0_t0=1.0_L=2.5.txt,11.235398301514,3.26137049842186,0.2902763578913248,7.0710678118654755,2.8284271247461903
2,0.0,1.0,3.0,0.1,-12.380068731321,-6.32102753141055,-3.53360606288879,1.74062594000794,m_variation/dl=0.1_L=3.0/m=2_fitting_dl=0.1_eon=0.0_t0=1.0_L=3.0.txt,6.32102753141055,3.53360606288879,0.5590239949643533,2.23606797749979,0.7453559924999299
3,0.0,1.0,3.0,0.1,-21.2277528676552,-9.45188328726795,-4.74044261201523,1.49460310106897,m_variation/dl=0.1_L=3.0/m=3_fitting_dl=0.1_eon=0.0_t0=1.0_L=3.0.txt,9.45188328726795,4.74044261201523,0.5015341882607447,3.1622776601683795,1.0540925533894598
4,0.0,1.0,3.0,0.1,-30.8508465501399,-11.9890502387902,-5.40781100254165,0.726076996458083,m_variation/dl=0.1_L=3.0/m=4_fitting_dl=0.1_eon=0.0_t0=1.0_L=3.0.txt,11.9890502387902,5.40781100254165,0.4510625024361684,4.123105625617661,1.3743685418725535
5,0.0,1.0,3.0,0.1,-40.6637728212634,-13.7407681727213,-5.60064035752851,0.771576182171679,m_variation/dl=0.1_L=3.0/m=5_fitting_dl=0.1_eon=0.0_t0=1.0_L=3.0.txt,13.7407681727213,5.60064035752851,0.40759295893275577,5.0990195135927845,1.6996731711975948
6,0.0,1.0,3.0,0.1,-50.2668761705496,-14.7673528727516,-5.45218788383838,1.84918888688185,m_variation/dl=0.1_L=3.0/m=6_fitting_dl=0.1_eon=0.0_t0=1.0_L=3.0.txt,14.7673528727516,5.45218788383838,0.36920549883375775,6.082762530298219,2.0275875100994063
7,0.0,1.0,3.0,0.1,-59.4127260209048,-15.2145359981484,-5.08864206597149,2.88421502347711,m_variation/dl=0.1_L=3.0/m=7_fitting_dl=0.1_eon=0.0_t0=1.0_L=3.0.txt,15.2145359981484,5.08864206597149,0.33445923468127947,7.0710678118654755,2.3570226039551585
2,0.0,1.0,3.5,0.1,-12.7855976385243,-6.68413058516987,-3.86573559655604,2.12638175630513,m_variation/dl=0.1_L=3.5/m=2_fitting_dl=0.1_eon=0.0_t0=1.0_L=3.5.txt,6.68413058516987,3.86573559655604,0.5783453131710168,2.23606797749979,0.6388765649999399
3,0.0,1.0,3.5,0.1,-22.2598861888506,-10.3794018354279,-5.4716263417927,2.2003687970453,m_variation/dl=0.1_L=3.5/m=3_fitting_dl=0.1_eon=0.0_t0=1.0_L=3.5.txt,10.3794018354279,5.4716263417927,0.5271620107351905,3.1622776601683795,0.9035079029052513
4,0.0,1.0,3.5,0.1,-32.7725988197854,-13.6707678603075,-6.56671310555576,1.58989672558284,m_variation/dl=0.1_L=3.5/m=4_fitting_dl=0.1_eon=0.0_t0=1.0_L=3.5.txt,13.6707678603075,6.56671310555576,0.48034705677520395,4.123105625617661,1.178030178747903
5,0.0,1.0,3.5,0.1,-43.7202812667042,-16.2392369545805,-7.13130715816375,0.711383538641411,m_variation/dl=0.1_L=3.5/m=5_fitting_dl=0.1_eon=0.0_t0=1.0_L=3.5.txt,16.2392369545805,7.13130715816375,0.43914053216350574,5.0990195135927845,1.456862718169367
6,0.0,1.0,3.5,0.1,-54.6928467765096,-18.0365278507445,-7.26411441311798,1.15552540420285,m_variation/dl=0.1_L=3.5/m=6_fitting_dl=0.1_eon=0.0_t0=1.0_L=3.5.txt,18.0365278507445,7.26411441311798,0.40274461211325313,6.082762530298219,1.737932151513777
7,0.0,1.0,3.5,0.1,-65.4097322254685,-19.146233482984,-7.08310895542323,2.37111584377091,m_variation/dl=0.1_L=3.5/m=7_fitting_dl=0.1_eon=0.0_t0=1.0_L=3.5.txt,19.146233482984,7.08310895542323,0.3699479044647744,7.0710678118654755,2.0203050891044216
2,0.0,1.0,4.0,0.1,-13.1371905705899,-6.97655082873853,-4.13748143384708,2.44955585109286,m_variation/dl=0.1_L=4.0/m=2_fitting_dl=0.1_eon=0.0_t0=1.0_L=4.0.txt,6.97655082873853,4.13748143384708,0.5930554417812794,2.23606797749979,0.5590169943749475
3,0.0,1.0,4.0,0.1,-23.1687489451155,-11.1509997664912,-6.10301969055742,2.84337749585159,m_variation/dl=0.1_L=4.0/m=3_fitting_dl=0.1_eon=0.0_t0=1.0_L=4.0.txt,11.1509997664912,6.10301969055742,0.5473069516956693,3.1622776601683795,0.7905694150420949
4,0.0,1.0,4.0,0.1,-34.4804373050982,-15.1181408342736,-7.62200736559697,2.49718490432817,m_variation/dl=0.1_L=4.0/m=4_fitting_dl=0.1_eon=0.0_t0=1.0_L=4.0.txt,15.1181408342736,7.62200736559697,0.5041630084777017,4.123105625617661,1.0307764064044151
5,0.0,1.0,4.0,0.1,-46.4378399981898,-18.4715875129848,-8.59155523831165,1.60308639644775,m_variation/dl=0.1_L=4.0/m=5_fitting_dl=0.1_eon=0.0_t0=1.0_L=4.0.txt,18.4715875129848,8.59155523831165,0.4651227314529476,5.0990195135927845,1.2747548783981961
6,0.0,1.0,4.0,0.1,-58.6252518223376,-21.0673113470892,-9.06656617193956,0.79060440197599,m_variation/dl=0.1_L=4.0/m=6_fitting_dl=0.1_eon=0.0_t0=1.0_L=4.0.txt,21.0673113470892,9.06656617193956,0.43036180661906137,6.082762530298219,1.5206906325745548
7,0.0,1.0,4.0,0.1,-70.7473919766148,-22.919309643764,-9.14615420884915,1.6131268463163,m_variation/dl=0.1_L=4.0/m=7_fitting_dl=0.1_eon=0.0_t0=1.0_L=4.0.txt,22.919309643764,9.14615420884915,0.39905888750613755,7.0710678118654755,1.7677669529663689
2,0.0,1.0,0.5,0.3,-10.1045689456766,-1.65155252117056,-0.319051187958588,0.671764526631408,m_variation/dl=0.3_L=0.5/m=2_fitting_dl=0.3_eon=0.0_t0=1.0_L=0.5.txt,1.65155252117056,0.319051187958588,0.19318258660793675,2.23606797749979,4.47213595499958
3,0.0,1.0,0.5,0.3,-12.8264098600004,-1.17771797555612,-0.13682069935073,0.627439156505596,m_variation/dl=0.3_L=0.5/m=3_fitting_dl=0.3_eon=0.0_t0=1.0_L=0.5.txt,1.17771797555612,0.13682069935073,0.11617441712743076,3.1622776601683795,6.324555320336759
4,0.0,1.0,0.5,0.3,-14.4191631137709,-0.817308159404861,-0.0614313276216482,0.48165793619969,m_variation/dl=0.3_L=0.5/m=4_fitting_dl=0.3_eon=0.0_t0=1.0_L=0.5.txt,0.817308159404861,0.0614313276216482,0.07516299319265407,4.123105625617661,8.246211251235321
5,0.0,1.0,0.5,0.3,-15.37450745668,-0.584469413040647,-0.0307433286315911,0.362759312583376,m_variation/dl=0.3_L=0.5/m=5_fitting_dl=0.3_eon=0.0_t0=1.0_L=0.5.txt,0.584469413040647,0.0307433286315911,0.052600406361133306,5.0990195135927845,10.198039027185569
6,0.0,1.0,0.5,0.3,-15.9553156007156,-0.433003999322386,-0.0167316808211441,0.276708052998983,m_variation/dl=0.3_L=0.5/m=6_fitting_dl=0.3_eon=0.0_t0=1.0_L=0.5.txt,0.433003999322386,0.0167316808211441,0.03864093829924837,6.082762530298219,12.165525060596439
7,0.0,1.0,0.5,0.3,-16.3502156779005,-0.331329745182238,-0.00997537099130391,0.21589383746748,m_variation/dl=0.3_L=0.5/m=7_fitting_dl=0.3_eon=0.0_t0=1.0_L=0.5.txt,0.331329745182238,0.00997537099130391,0.03010707953738731,7.0710678118654755,14.142135623730951
2,0.0,1.0,0.5,0.5,-8.7667132625865,-1.5805296655676,-0.302847840833694,0.665853206822684,m_variation/dl=0.5_L=0.5/m=2_fitting_dl=0.5_eon=0.0_t0=1.0_L=0.5.txt,1.5805296655676,0.302847840833694,0.19161161440455168,2.23606797749979,4.47213595499958
3,0.0,1.0,0.5,0.5,-11.3827513566954,-1.12040291833043,-0.130648801524122,0.596369729424145,m_variation/dl=0.5_L=0.5/m=3_fitting_dl=0.5_eon=0.0_t0=1.0_L=0.5.txt,1.12040291833043,0.130648801524122,0.11660876581686211,3.1622776601683795,6.324555320336759
4,0.0,1.0,0.5,0.5,-12.9071161908846,-0.778315740472408,-0.0593212889647899,0.457902977030794,m_variation/dl=0.5_L=0.5/m=4_fitting_dl=0.5_eon=0.0_t0=1.0_L=0.5.txt,0.778315740472408,0.0593212889647899,0.07621751158313224,4.123105625617661,8.246211251235321
5,0.0,1.0,0.5,0.5,-13.8159668991402,-0.55725175525643,-0.0296842362223311,0.345402438994112,m_variation/dl=0.5_L=0.5/m=5_fitting_dl=0.5_eon=0.0_t0=1.0_L=0.5.txt,0.55725175525643,0.0296842362223311,0.05326898649008532,5.0990195135927845,10.198039027185569
6,0.0,1.0,0.5,0.5,-14.3701329992102,-0.413230600330745,-0.0161763442500851,0.263798703060494,m_variation/dl=0.5_L=0.5/m=6_fitting_dl=0.5_eon=0.0_t0=1.0_L=0.5.txt,0.413230600330745,0.0161763442500851,0.03914604638944391,6.082762530298219,12.165525060596439
7,0.0,1.0,0.5,0.5,-14.7456640788639,-0.316394835534803,-0.00963526813998328,0.206031946174394,m_variation/dl=0.5_L=0.5/m=7_fitting_dl=0.5_eon=0.0_t0=1.0_L=0.5.txt,0.316394835534803,0.00963526813998328,0.03045330409295955,7.0710678118654755,14.142135623730951
2,0.0,1.0,0.5,0.75,-7.27417161099122,-1.44553487690361,-0.281792387239499,0.60853121974048,m_variation/dl=0.75_L=0.5/m=2_fitting_dl=0.75_eon=0.0_t0=1.0_L=0.5.txt,1.44553487690361,0.281792387239499,0.19493987432742466,2.23606797749979,4.47213595499958
3,0.0,1.0,0.5,0.75,-9.66696448805409,-1.02928083326614,-0.122492084016566,0.544551224776147,m_variation/dl=0.75_L=0.5/m=3_fitting_dl=0.75_eon=0.0_t0=1.0_L=0.5.txt,1.02928083326614,0.122492084016566,0.11900744680911915,3.1622776601683795,6.324555320336759
4,0.0,1.0,0.5,0.75,-11.0675949661982,-0.717651438325286,-0.0558887822633177,0.420679134560253,m_variation/dl=0.75_L=0.5/m=4_fitting_dl=0.75_eon=0.0_t0=1.0_L=0.5.txt,0.717651438325286,0.0558887822633177,0.07787733609750712,4.123105625617661,8.246211251235321
5,0.0,1.0,0.5,0.75,-11.90364652523,-0.514826489731624,-0.0279953896949727,0.318326699329445,m_variation/dl=0.75_L=0.5/m=5_fitting_dl=0.75_eon=0.0_t0=1.0_L=0.5.txt,0.514826489731624,0.0279953896949727,0.05437830075442802,5.0990195135927845,10.198039027185569
6,0.0,1.0,0.5,0.75,-12.4172696818726,-0.382252632611433,-0.0152618774055668,0.243577818426894,m_variation/dl=0.75_L=0.5/m=6_fitting_dl=0.75_eon=0.0_t0=1.0_L=0.5.txt,0.382252632611433,0.0152618774055668,0.039926153814304234,6.082762530298219,12.165525060596439
7,0.0,1.0,0.5,0.75,-12.7627408291166,-0.292881967419228,-0.00909067608319886,0.190487410416952,m_variation/dl=0.75_L=0.5/m=7_fitting_dl=0.75_eon=0.0_t0=1.0_L=0.5.txt,0.292881967419228,0.00909067608319886,0.03103870191566477,7.0710678118654755,14.142135623730951
2,0.0,1.0,0.5,1.0,-6.09853266662222,-1.30874821846839,-0.259602012770857,0.545805528535595,m_variation/dl=1.0_L=0.5/m=2_fitting_dl=1.0_eon=0.0_t0=1.0_L=0.5.txt,1.30874821846839,0.259602012770857,0.19835901902862998,2.23606797749979,4.47213595499958
3,0.0,1.0,0.5,1.0,-8.26251517847355,-0.937347513708404,-0.113594910579434,0.49308466274492,m_variation/dl=1.0_L=0.5/m=3_fitting_dl=1.0_eon=0.0_t0=1.0_L=0.5.txt,0.937347513708404,0.113594910579434,0.12118761603156268,3.1622776601683795,6.324555320336759
4,0.0,1.0,0.5,1.0,-9.53837838863697,-0.655785495663805,-0.0520129748821414,0.383191721574238,m_variation/dl=1.0_L=0.5/m=4_fitting_dl=1.0_eon=0.0_t0=1.0_L=0.5.txt,0.655785495663805,0.0520129748821414,0.07931400622011679,4.123105625617661,8.246211251235321
5,0.0,1.0,0.5,1.0,-10.3008096209471,-0.471244623658525,-0.026091678690561,0.290733713785198,m_variation/dl=1.0_L=0.5/m=5_fitting_dl=1.0_eon=0.0_t0=1.0_L=0.5.txt,0.471244623658525,0.026091678690561,0.05536758910477809,5.0990195135927845,10.198039027185569
6,0.0,1.0,0.5,1.0,-10.7721453296865,-0.350299467195939,-0.0142389244604588,0.222888279612809,m_variation/dl=1.0_L=0.5/m=6_fitting_dl=1.0_eon=0.0_t0=1.0_L=0.5.txt,0.350299467195939,0.0142389244604588,0.0406478621690118,6.082762530298219,12.165525060596439
7,0.0,1.0,0.5,1.0,-11.0870667936519,-0.268541373010787,-0.00847852891721373,0.174457660606526,m_variation/dl=1.0_L=0.5/m=7_fitting_dl=1.0_eon=0.0_t0=1.0_L=0.5.txt,0.268541373010787,0.00847852891721373,0.03157252389885247,7.0710678118654755,14.142135623730951
2,0.0,1.0,0.5,1.5,-4.64417719863474,-1.09531053843032,-0.220016844719508,0.45307013301366,m_variation/dl=1.5_L=0.5/m=2_fitting_dl=1.5_eon=0.0_t0=1.0_L=0.5.txt,1.09531053843032,0.220016844719508,0.2008716587670308,2.23606797749979,4.47213595499958
3,0.0,1.0,0.5,1.5,-6.45333611124257,-0.788335930836735,-0.096994185132992,0.412565329687225,m_variation/dl=1.5_L=0.5/m=3_fitting_dl=1.5_eon=0.0_t0=1.0_L=0.5.txt,0.788335930836735,0.096994185132992,0.12303661591327311,3.1622776601683795,6.324555320336759
4,0.0,1.0,0.5,1.5,-7.52818355487524,-0.553253853675288,-0.0446105915518515,0.322233655461665,m_variation/dl=1.5_L=0.5/m=4_fitting_dl=1.5_eon=0.0_t0=1.0_L=0.5.txt,0.553253853675288,0.0446105915518515,0.08063313297413387,4.123105625617661,8.246211251235321
5,0.0,1.0,0.5,1.5,-8.1699455602557,-0.398242221153232,-0.0224355683241864,0.245142254460791,m_variation/dl=1.5_L=0.5/m=5_fitting_dl=1.5_eon=0.0_t0=1.0_L=0.5.txt,0.398242221153232,0.0224355683241864,0.05633648853006434,5.0990195135927845,10.198039027185569
6,0.0,1.0,0.5,1.5,-8.56928687668814,-0.296400489394952,-0.0122697575568785,0.188335836991418,m_variation/dl=1.5_L=0.5/m=6_fitting_dl=1.5_eon=0.0_t0=1.0_L=0.5.txt,0.296400489394952,0.0122697575568785,0.04139587482438033,6.082762530298219,12.165525060596439
7,0.0,1.0,0.5,1.5,-8.83384176607861,-0.22731617028889,-0.00730135968587983,0.147498509049316,m_variation/dl=1.5_L=0.5/m=7_fitting_dl=1.5_eon=0.0_t0=1.0_L=0.5.txt,0.22731617028889,0.00730135968587983,0.032119842933306185,7.0710678118654755,14.142135623730951
2,0.0,1.0,0.5,2.0,-3.97618288782407,-0.97082714843144,-0.192887696960446,0.404636539299717,m_variation/dl=2.0_L=0.5/m=2_fitting_dl=2.0_eon=0.0_t0=1.0_L=0.5.txt,0.97082714843144,0.192887696960446,0.19868387206939317,2.23606797749979,4.47213595499958
3,0.0,1.0,0.5,2.0,-5.58123872066386,-0.696221654558039,-0.0848388772168067,0.365365113739625,m_variation/dl=2.0_L=0.5/m=3_fitting_dl=2.0_eon=0.0_t0=1.0_L=0.5.txt,0.696221654558039,0.0848388772168067,0.1218561311062098,3.1622776601683795,6.324555320336759
4,0.0,1.0,0.5,2.0,-6.532721499473,-0.487914414766511,-0.0390259127434654,0.284529431030707,m_variation/dl=2.0_L=0.5/m=4_fitting_dl=2.0_eon=0.0_t0=1.0_L=0.5.txt,0.487914414766511,0.0390259127434654,0.07998516043462471,4.123105625617661,8.246211251235321
5,0.0,1.0,0.5,2.0,-7.09853649302022,-0.350989607089849,-0.0196412944991533,0.216210581329033,m_variation/dl=2.0_L=0.5/m=5_fitting_dl=2.0_eon=0.0_t0=1.0_L=0.5.txt,0.350989607089849,0.0196412944991533,0.05595976092285083,5.0990195135927845,10.198039027185569
6,0.0,1.0,0.5,2.0,-7.45091846891647,-0.261165449064748,-0.0107511663356161,0.166041811846008,m_variation/dl=2.0_L=0.5/m=6_fitting_dl=2.0_eon=0.0_t0=1.0_L=0.5.txt,0.261165449064748,0.0107511663356161,0.04116611279982398,6.082762530298219,12.165525060596439
7,0.0,1.0,0.5,2.0,-7.68330980206667,-0.200220112272568,-0.00639610721068934,0.129958653493138,m_variation/dl=2.0_L=0.5/m=7_fitting_dl=2.0_eon=0.0_t0=1.0_L=0.5.txt,0.200220112272568,0.00639610721068934,0.031945378204473546,7.0710678118654755,14.142135623730951
2,0.0,1.0,0.5,2.5,-3.69277131422765,-0.907590853336227,-0.177171582224502,0.382911981128975,m_variation/dl=2.5_L=0.5/m=2_fitting_dl=2.5_eon=0.0_t0=1.0_L=0.5.txt,0.907590853336227,0.177171582224502,0.19521085032229477,2.23606797749979,4.47213595499958
3,0.0,1.0,0.5,2.5,-5.19565771728741,-0.646732777573035,-0.0772961945961573,0.341414790462278,m_variation/dl=2.5_L=0.5/m=3_fitting_dl=2.5_eon=0.0_t0=1.0_L=0.5.txt,0.646732777573035,0.0772961945961573,0.11951797910448153,3.1622776601683795,6.324555320336759
4,0.0,1.0,0.5,2.5,-6.08144564965277,-0.451739340098697,-0.0354470272786054,0.26431559191985,m_variation/dl=2.5_L=0.5/m=4_fitting_dl=2.5_eon=0.0_t0=1.0_L=0.5.txt,0.451739340098697,0.0354470272786054,0.07846787767224536,4.123105625617661,8.246211251235321
5,0.0,1.0,0.5,2.5,-6.60566594356185,-0.324407931612445,-0.0178230575852064,0.200270679887112,m_variation/dl=2.5_L=0.5/m=5_fitting_dl=2.5_eon=0.0_t0=1.0_L=0.5.txt,0.324407931612445,0.0178230575852064,0.05494026455092588,5.0990195135927845,10.198039027185569
6,0.0,1.0,0.5,2.5,-6.93164999898047,-0.241148479793465,-0.00975238795226713,0.153549672674224,m_variation/dl=2.5_L=0.5/m=6_fitting_dl=2.5_eon=0.0_t0=1.0_L=0.5.txt,0.241148479793465,0.00975238795226713,0.040441424140926364,6.082762530298219,12.165525060596439
7,0.0,1.0,0.5,2.5,-7.14605734913942,-0.184739110296517,-0.00580146672714391,0.12004376132913,m_variation/dl=2.5_L=0.5/m=7_fitting_dl=2.5_eon=0.0_t0=1.0_L=0.5.txt,0.184739110296517,0.00580146672714391,0.031403565372985824,7.0710678118654755,14.142135623730951
2,0.0,1.0,0.5,3.5,-3.53224813017561,-0.864784871023645,-0.165032143582643,0.370521001465184,m_variation/dl=3.5_L=0.5/m=2_fitting_dl=3.5_eon=0.0_t0=1.0_L=0.5.txt,0.864784871023645,0.165032143582643,0.19083606699466726,2.23606797749979,4.47213595499958
3,0.0,1.0,0.5,3.5,-4.96723572779033,-0.610959148702521,-0.0709143489498495,0.325424592212536,m_variation/dl=3.5_L=0.5/m=3_fitting_dl=3.5_eon=0.0_t0=1.0_L=0.5.txt,0.610959148702521,0.0709143489498495,0.11607052468311274,3.1622776601683795,6.324555320336759
4,0.0,1.0,0.5,3.5,-5.80624953697937,-0.424542826469463,-0.0322844722224056,0.249761402600113,m_variation/dl=3.5_L=0.5/m=4_fitting_dl=3.5_eon=0.0_t0=1.0_L=0.5.txt,0.424542826469463,0.0322844722224056,0.076045266129889,4.123105625617661,8.246211251235321
5,0.0,1.0,0.5,3.5,-6.2995878587681,-0.304018818450879,-0.0161769990468394,0.188389131448596,m_variation/dl=3.5_L=0.5/m=5_fitting_dl=3.5_eon=0.0_t0=1.0_L=0.5.txt,0.304018818450879,0.0161769990468394,0.053210518774031594,5.0990195135927845,10.198039027185569
6,0.0,1.0,0.5,3.5,-6.6054440438587,-0.225600120120134,-0.00883580791896851,0.144033696825527,m_variation/dl=3.5_L=0.5/m=6_fitting_dl=3.5_eon=0.0_t0=1.0_L=0.5.txt,0.225600120120134,0.00883580791896851,0.03916579438992925,6.082762530298219,12.165525060596439
7,0.0,1.0,0.5,3.5,-6.80608922695004,-0.172619590706016,-0.0052540786655636,0.11239481627863,m_variation/dl=3.5_L=0.5/m=7_fitting_dl=3.5_eon=0.0_t0=1.0_L=0.5.txt,0.172619590706016,0.0052540786655636,0.030437325474323977,7.0710678118654755,14.142135623730951
2,0.0,1.0,0.5,4.0,-3.5145744743631,-0.859151680241242,-0.163209853380627,0.369244798845947,m_variation/dl=4.0_L=0.5/m=2_fitting_dl=4.0_eon=0.0_t0=1.0_L=0.5.txt,0.859151680241242,0.163209853380627,0.18996628550478903,2.23606797749979,4.47213595499958
3,0.0,1.0,0.5,4.0,-4.94087101196711,-0.605865776644077,-0.0698504882117241,0.323367362517308,m_variation/dl=4.0_L=0.5/m=3_fitting_dl=4.0_eon=0.0_t0=1.0_L=0.5.txt,0.605865776644077,0.0698504882117241,0.11529036777523512,3.1622776601683795,6.324555320336759
4,0.0,1.0,0.5,4.0,-5.77347800893265,-0.420438392274687,-0.0317412021814149,0.247646848884227,m_variation/dl=4.0_L=0.5/m=4_fitting_dl=4.0_eon=0.0_t0=1.0_L=0.5.txt,0.420438392274687,0.0317412021814149,0.07549548938593903,4.123105625617661,8.246211251235321
5,0.0,1.0,0.5,4.0,-6.26216912020389,-0.300901485996089,-0.0158795499986329,0.186635278365239,m_variation/dl=4.0_L=0.5/m=5_fitting_dl=4.0_eon=0.0_t0=1.0_L=0.5.txt,0.300901485996089,0.0158795499986329,0.052773252169446894,5.0990195135927845,10.198039027185569
6,0.0,1.0,0.5,4.0,-6.56497448908863,-0.223189190579581,-0.00866705765303002,0.142594809262723,m_variation/dl=4.0_L=0.5/m=6_fitting_dl=4.0_eon=0.0_t0=1.0_L=0.5.txt,0.223189190579581,0.00866705765303002,0.0388327841080622,6.082762530298219,12.165525060596439
7,0.0,1.0,0.5,4.0,-6.76351600850807,-0.17072242955825,-0.0051522208578276,0.111219919048297,m_variation/dl=4.0_L=0.5/m=7_fitting_dl=4.0_eon=0.0_t0=1.0_L=0.5.txt,0.17072242955825,0.0051522208578276,0.030178933554068692,7.0710678118654755,14.142135623730951
2,0.0,1.0,0.5,5.0,-3.50522903493592,-0.855845323740571,-0.162048781099477,0.368607931066758,m_variation/dl=5.0_L=0.5/m=2_fitting_dl=5.0_eon=0.0_t0=1.0_L=0.5.txt,0.855845323740571,0.162048781099477,0.1893435374411162,2.23606797749979,4.47213595499958
3,0.0,1.0,0.5,5.0,-4.92657261980275,-0.602694351954003,-0.0691262459058464,0.322160933733598,m_variation/dl=5.0_L=0.5/m=3_fitting_dl=5.0_eon=0.0_t0=1.0_L=0.5.txt,0.602694351954003,0.0691262459058464,0.11469536039574839,3.1622776601683795,6.324555320336759
4,0.0,1.0,0.5,5.0,-5.75601609018476,-0.417544493055113,-0.0313669986368308,0.246059205167993,m_variation/dl=5.0_L=0.5/m=4_fitting_dl=5.0_eon=0.0_t0=1.0_L=0.5.txt,0.417544493055113,0.0313669986368308,0.07512252983466021,4.123105625617661,8.246211251235321
5,0.0,1.0,0.5,5.0,-6.24110268648883,-0.298818570009125,-0.0156793466818595,0.185461326517538,m_variation/dl=5.0_L=0.5/m=5_fitting_dl=5.0_eon=0.0_t0=1.0_L=0.5.txt,0.298818570009125,0.0156793466818595,0.05247112547717735,5.0990195135927845,10.198039027185569
6,0.0,1.0,0.5,5.0,-6.54183494310231,-0.221591867503967,-0.00854807687297493,0.141653419339986,m_variation/dl=5.0_L=0.5/m=6_fitting_dl=5.0_eon=0.0_t0=1.0_L=0.5.txt,0.221591867503967,0.00854807687297493,0.03857576981168725,6.082762530298219,12.165525060596439
7,0.0,1.0,0.5,5.0,-6.73898634752621,-0.169464425517997,-0.00507626842038997,0.110452561907712,m_variation/dl=5.0_L=0.5/m=7_fitting_dl=5.0_eon=0.0_t0=1.0_L=0.5.txt,0.169464425517997,0.00507626842038997,0.029954773132316634,7.0710678118654755,14.142135623730951
2,0.0,1.0,0.5,6.0,-3.50392384961064,-0.85530589682551,-0.161827254467808,0.368503081181826,m_variation/dl=6.0_L=0.5/m=2_fitting_dl=6.0_eon=0.0_t0=1.0_L=0.5.txt,0.85530589682551,0.161827254467808,0.18920395038597776,2.23606797749979,4.47213595499958
3,0.0,1.0,0.5,6.0,-4.92446259830032,-0.602137017384504,-0.0689825412074386,0.32196598907869,m_variation/dl=6.0_L=0.5/m=3_fitting_dl=6.0_eon=0.0_t0=1.0_L=0.5.txt,0.602137017384504,0.0689825412074386,0.11456286395923193,3.1622776601683795,6.324555320336759
4,0.0,1.0,0.5,6.0,-5.75401211054083,-0.416912196803657,-0.0311903317273537,0.245799238431832,m_variation/dl=6.0_L=0.5/m=4_fitting_dl=6.0_eon=0.0_t0=1.0_L=0.5.txt,0.416912196803657,0.0311903317273537,0.07481271108516561,4.123105625617661,8.246211251235321
5,0.0,1.0,0.5,6.0,-6.23813875590597,-0.298318601916943,-0.0156344144349904,0.185147465880884,m_variation/dl=6.0_L=0.5/m=5_fitting_dl=6.0_eon=0.0_t0=1.0_L=0.5.txt,0.298318601916943,0.0156344144349904,0.05240844632056599,5.0990195135927845,10.198039027185569
6,0.0,1.0,0.5,6.0,-6.53827965779082,-0.221226911976207,-0.00854359391105294,0.141429751200993,m_variation/dl=6.0_L=0.5/m=6_fitting_dl=6.0_eon=0.0_t0=1.0_L=0.5.txt,0.221226911976207,0.00854359391105294,0.03861914373225896,6.082762530298219,12.165525060596439
7,0.0,1.0,0.5,6.0,-6.73504105387451,-0.169220837472244,-0.00505910970483756,0.11030726957208,m_variation/dl=6.0_L=0.5/m=7_fitting_dl=6.0_eon=0.0_t0=1.0_L=0.5.txt,0.169220837472244,0.00505910970483756,0.029896493720327832,7.0710678118654755,14.142135623730951
2,0.0,1.0,0.5,7.0,-3.50374332573804,-0.855223062249119,-0.161788536943422,0.368490442798408,m_variation/dl=7.0_L=0.5/m=2_fitting_dl=7.0_eon=0.0_t0=1.0_L=0.5.txt,0.855223062249119,0.161788536943422,0.18917700432205417,2.23606797749979,4.47213595499958
3,0.0,1.0,0.5,7.0,-4.9241648451327,-0.602044111587481,-0.0689547193073055,0.321930852480059,m_variation/dl=7.0_L=0.5/m=3_fitting_dl=7.0_eon=0.0_t0=1.0_L=0.5.txt,0.602044111587481,0.0689547193073055,0.11453433059163129,3.1622776601683795,6.324555320336759
4,0.0,1.0,0.5,7.0,-5.75383888787858,-0.416821195530543,-0.0311414950701536,0.245827087273667,m_variation/dl=7.0_L=0.5/m=4_fitting_dl=7.0_eon=0.0_t0=1.0_L=0.5.txt,0.416821195530543,0.0311414950701536,0.07471187982778979,4.123105625617661,8.246211251235321
5,0.0,1.0,0.5,7.0,-6.23784433815847,-0.298215457424098,-0.0156002783240278,0.185118853473907,m_variation/dl=7.0_L=0.5/m=5_fitting_dl=7.0_eon=0.0_t0=1.0_L=0.5.txt,0.298215457424098,0.0156002783240278,0.05231210500883709,5.0990195135927845,10.198039027185569
6,0.0,1.0,0.5,7.0,-6.53786322812529,-0.221127289784297,-0.00853827416371522,0.141389711538554,m_variation/dl=7.0_L=0.5/m=6_fitting_dl=7.0_eon=0.0_t0=1.0_L=0.5.txt,0.221127289784297,0.00853827416371522,0.038612485017313104,6.082762530298219,12.165525060596439
7,0.0,1.0,0.5,7.0,-6.73443356984591,-0.169174854758682,-0.0050555106268903,0.110279389272019,m_variation/dl=7.0_L=0.5/m=7_fitting_dl=7.0_eon=0.0_t0=1.0_L=0.5.txt,0.169174854758682,0.0050555106268903,0.029883345454037417,7.0710678118654755,14.142135623730951
2,0.0,1.0,0.5,8.0,-3.50371982837595,-0.855211129721502,-0.16178204608205,0.368490816023544,m_variation/dl=8.0_L=0.5/m=2_fitting_dl=8.0_eon=0.0_t0=1.0_L=0.5.txt,0.855211129721502,0.16178204608205,0.18917205408065027,2.23606797749979,4.47213595499958
3,0.0,1.0,0.5,8.0,-4.92412457008224,-0.602029308771302,-0.068949256833074,0.321924315778679,m_variation/dl=8.0_L=0.5/m=3_fitting_dl=8.0_eon=0.0_t0=1.0_L=0.5.txt,0.602029308771302,0.068949256833074,0.11452807334877833,3.1622776601683795,6.324555320336759
4,0.0,1.0,0.5,8.0,-5.7538264758416,-0.416812424996897,-0.0311354024914556,0.245835083505342,m_variation/dl=8.0_L=0.5/m=4_fitting_dl=8.0_eon=0.0_t0=1.0_L=0.5.txt,0.416812424996897,0.0311354024914556,0.07469883483364823,4.123105625617661,8.246211251235321
5,0.0,1.0,0.5,8.0,-6.23782195186908,-0.298202675207545,-0.0155927655744899,0.185125220954315,m_variation/dl=8.0_L=0.5/m=5_fitting_dl=8.0_eon=0.0_t0=1.0_L=0.5.txt,0.298202675207545,0.0155927655744899,0.05228915389051271,5.0990195135927845,10.198039027185569
6,0.0,1.0,0.5,8.0,-6.5378288994329,-0.221112340048722,-0.00853211348863395,0.141393908986069,m_variation/dl=8.0_L=0.5/m=6_fitting_dl=8.0_eon=0.0_t0=1.0_L=0.5.txt,0.221112340048722,0.00853211348863395,0.038587233470343194,6.082762530298219,12.165525060596439
7,0.0,1.0,0.5,8.0,-6.73434971155274,-0.169164384831336,-0.00505439902998719,0.110270550922814,m_variation/dl=8.0_L=0.5/m=7_fitting_dl=8.0_eon=0.0_t0=1.0_L=0.5.txt,0.169164384831336,0.00505439902998719,0.02987862389016836,7.0710678118654755,14.142135623730951
