m,dl,L,e0,t1,t2,RMSE,abs_t1,abs_t2
2,0.1,0.1,-8103.08582028307,-3.70004231728495e-05,-2.14240364736573e-08,3.6398858045530195e-12,3.70004231728495e-05,2.14240364736573e-08
3,0.1,0.1,-8103.08587111558,-1.99565333314755e-05,-7.79169397340983e-06,1.29338243493169e-05,1.99565333314755e-05,7.79169397340983e-06
4,0.1,0.1,-8103.08584396068,-1.06756489104069e-11,5.45843606780091e-13,1.93220491976372e-12,1.06756489104069e-11,5.45843606780091e-13
5,0.1,0.1,-8103.08590408219,-1.91887563976339e-10,-7.46937872699323e-11,1.24471788411125e-10,1.91887563976339e-10,7.46937872699323e-11
6,0.1,0.1,-8103.08598594532,-2.26043372370481e-13,3.03233922952171e-13,9.67624040260198e-12,2.26043372370481e-13,3.03233922952171e-13
7,0.1,0.1,-8103.08611148527,7.62677339161333e-14,6.05935260461148e-13,7.197518161945409e-12,7.62677339161333e-14,6.05935260461148e-13
2,0.1,0.3,-21.6877981724714,-0.435337592928213,-0.0921322099179224,0.0299263037077972,0.435337592928213,0.0921322099179224
3,0.1,0.3,-22.3058823996879,-0.327098073236768,-0.0792975638196512,0.162624047089049,0.327098073236768,0.0792975638196512
4,0.1,0.3,-22.02731171765,-0.104013755305721,-0.0160145163021332,0.007683822323073,0.104013755305721,0.0160145163021332
5,0.1,0.3,-22.2877230202497,-0.098103122717169,-0.0240273811925534,0.0502401327262445,0.098103122717169,0.0240273811925534
6,0.1,0.3,-22.322601620228,-0.0312408119645879,-0.0036500020153195,0.0014978042291834,0.0312408119645879,0.0036500020153195
7,0.1,0.3,-22.5988713476481,-0.0328430478579084,-0.008428362873928,0.0163997224974789,0.0328430478579084,0.008428362873928
2,0.1,0.5,-11.4623863077453,-1.61815225173612,-0.338915641603789,0.573878795463409,1.61815225173612,0.338915641603789
3,0.1,0.5,-14.0858344082844,-1.19277262581694,-0.147870143416216,0.62574757955916,1.19277262581694,0.147870143416216
4,0.1,0.5,-15.6061864577379,-0.82991759438572,-0.0623075329740718,0.474782318600152,0.82991759438572,0.0623075329740718
5,0.1,0.5,-16.5709998317551,-0.597598446874351,-0.0321888520331477,0.369418363969243,0.597598446874351,0.0321888520331477
6,0.1,0.5,-17.1576609884613,-0.441727537906029,-0.0167754716578715,0.279200817613936,0.441727537906029,0.0167754716578715
7,0.1,0.5,-17.5607898678257,-0.338752073167437,-0.0103415321615402,0.220336827769213,0.338752073167437,0.0103415321615402
2,0.1,0.75,-10.3899739435822,-2.50076611492008,-0.711618314864247,0.671183567688141,2.50076611492008,0.711618314864247
3,0.1,0.75,-14.3190139823773,-2.13796207730953,-0.417502935912904,0.89595863143602,2.13796207730953,0.417502935912904
4,0.1,0.75,-17.0598602865615,-1.67564432689134,-0.230438533074433,0.839855397310556,1.67564432689134,0.230438533074433
5,0.1,0.75,-18.9225013503909,-1.29552070540439,-0.130085375183144,0.719097709730196,1.29552070540439,0.130085375183144
6,0.1,0.75,-20.1726338430206,-1.00856018428183,-0.0761306147504881,0.593204106368297,1.00856018428183,0.0761306147504881
7,0.1,0.75,-21.0478736909964,-0.798317535003343,-0.0470186549330326,0.488707676419766,0.798317535003343,0.0470186549330326
2,0.1,1.0,-10.3691437265428,-3.24862038808256,-1.14105695716132,0.50787772726276,3.24862038808256,1.14105695716132
3,0.1,1.0,-15.2695917116794,-3.18263899157065,-0.83895324693624,0.992920413323595,3.18263899157065,0.83895324693624
4,0.1,1.0,-19.1704804211838,-2.77798150927118,-0.552766475588156,1.14743845840163,2.77798150927118,0.552766475588156
5,0.1,1.0,-22.1010271748773,-2.3187934593767,-0.35302534617227,1.11782798250106,2.3187934593767,0.35302534617227
6,0.1,1.0,-24.2443687582251,-1.90723914301805,-0.225985759241931,1.00976740251067,1.90723914301805,0.225985759241931
7,0.1,1.0,-25.826710063834,-1.56934012517327,-0.147776248301189,0.884582045063068,1.56934012517327,0.147776248301189
2,0.1,2.0,-11.3855310680917,-5.25038478617007,-2.60124596671395,0.732897276461254,5.25038478617007,2.60124596671395
3,0.1,2.0,-18.7033700691784,-6.92219987826628,-2.93496515898557,0.252464925383279,6.92219987826628,2.93496515898557
4,0.1,2.0,-26.1015277292885,-7.78682394289577,-2.84850316897733,1.02501399583406,7.78682394289577,2.84850316897733
5,0.1,2.0,-33.0450423413137,-8.01360963986241,-2.53064665006775,1.78744730485729,8.01360963986241,2.53064665006775
6,0.1,2.0,-39.2783345532746,-7.82592495657187,-2.13179879038688,2.32763368141014,7.82592495657187,2.13179879038688
7,0.1,2.0,-44.7416672412216,-7.40106516647434,-1.74170837288581,2.64525193741705,7.40106516647434,1.74170837288581
2,0.3,0.5,-10.1045689456766,-1.65155252117056,-0.319051187958588,0.671764526631408,1.65155252117056,0.319051187958588
3,0.3,0.5,-12.8264098600004,-1.17771797555612,-0.13682069935073,0.627439156505596,1.17771797555612,0.13682069935073
4,0.3,0.5,-14.4191631137709,-0.817308159404861,-0.0614313276216482,0.48165793619969,0.817308159404861,0.0614313276216482
5,0.3,0.5,-15.37450745668,-0.584469413040647,-0.0307433286315911,0.362759312583376,0.584469413040647,0.0307433286315911
6,0.3,0.5,-15.9553156007156,-0.433003999322386,-0.0167316808211441,0.276708052998983,0.433003999322386,0.0167316808211441
7,0.3,0.5,-16.3502156779005,-0.331329745182238,-0.0099753709913039,0.21589383746748,0.331329745182238,0.0099753709913039
2,0.75,0.5,-7.27417161099122,-1.44553487690361,-0.281792387239499,0.60853121974048,1.44553487690361,0.281792387239499
3,0.75,0.5,-9.66696448805409,-1.02928083326614,-0.122492084016566,0.544551224776147,1.02928083326614,0.122492084016566
4,0.75,0.5,-11.0675949661982,-0.717651438325286,-0.0558887822633177,0.420679134560253,0.717651438325286,0.0558887822633177
5,0.75,0.5,-11.90364652523,-0.514826489731624,-0.0279953896949727,0.318326699329445,0.514826489731624,0.0279953896949727
6,0.75,0.5,-12.4172696818726,-0.382252632611433,-0.0152618774055668,0.243577818426894,0.382252632611433,0.0152618774055668
7,0.75,0.5,-12.7627408291166,-0.292881967419228,-0.0090906760831988,0.190487410416952,0.292881967419228,0.0090906760831988
2,1.0,0.5,-6.09853266662222,-1.30874821846839,-0.259602012770857,0.545805528535595,1.30874821846839,0.259602012770857
3,1.0,0.5,-8.26251517847355,-0.937347513708404,-0.113594910579434,0.49308466274492,0.937347513708404,0.113594910579434
4,1.0,0.5,-9.53837838863697,-0.655785495663805,-0.0520129748821414,0.383191721574238,0.655785495663805,0.0520129748821414
5,1.0,0.5,-10.3008096209471,-0.471244623658525,-0.026091678690561,0.290733713785198,0.471244623658525,0.026091678690561
6,1.0,0.5,-10.7721453296865,-0.350299467195939,-0.0142389244604588,0.222888279612809,0.350299467195939,0.0142389244604588
7,1.0,0.5,-11.0870667936519,-0.268541373010787,-0.0084785289172137,0.174457660606526,0.268541373010787,0.0084785289172137
2,2.0,0.5,-3.97618288782407,-0.97082714843144,-0.192887696960446,0.404636539299717,0.97082714843144,0.192887696960446
3,2.0,0.5,-5.58123872066386,-0.696221654558039,-0.0848388772168067,0.365365113739625,0.696221654558039,0.0848388772168067
4,2.0,0.5,-6.532721499473,-0.487914414766511,-0.0390259127434654,0.284529431030707,0.487914414766511,0.0390259127434654
5,2.0,0.5,-7.09853649302022,-0.350989607089849,-0.0196412944991533,0.216210581329033,0.350989607089849,0.0196412944991533
6,2.0,0.5,-7.45091846891647,-0.261165449064748,-0.0107511663356161,0.166041811846008,0.261165449064748,0.0107511663356161
7,2.0,0.5,-7.68330980206667,-0.200220112272568,-0.0063961072106893,0.129958653493138,0.200220112272568,0.0063961072106893
2,4.0,0.5,-3.5145744743631,-0.859151680241242,-0.163209853380627,0.369244798845947,0.859151680241242,0.163209853380627
3,4.0,0.5,-4.94087101196711,-0.605865776644077,-0.0698504882117241,0.323367362517308,0.605865776644077,0.0698504882117241
4,4.0,0.5,-5.77347800893265,-0.420438392274687,-0.0317412021814149,0.247646848884227,0.420438392274687,0.0317412021814149
5,4.0,0.5,-6.26216912020389,-0.300901485996089,-0.0158795499986329,0.186635278365239,0.300901485996089,0.0158795499986329
6,4.0,0.5,-6.56497448908863,-0.223189190579581,-0.00866705765303,0.142594809262723,0.223189190579581,0.00866705765303
7,4.0,0.5,-6.76351600850807,-0.17072242955825,-0.0051522208578276,0.111219919048297,0.17072242955825,0.0051522208578276
2,8.0,0.5,-3.50371982837595,-0.855211129721502,-0.16178204608205,0.368490816023544,0.855211129721502,0.16178204608205
3,8.0,0.5,-4.92412457008224,-0.602029308771302,-0.068949256833074,0.321924315778679,0.602029308771302,0.068949256833074
4,8.0,0.5,-5.7538264758416,-0.416812424996897,-0.0311354024914556,0.245835083505342,0.416812424996897,0.0311354024914556
5,8.0,0.5,-6.23782195186908,-0.298202675207545,-0.0155927655744899,0.185125220954315,0.298202675207545,0.0155927655744899
6,8.0,0.5,-6.5378288994329,-0.221112340048722,-0.0085321134886339,0.141393908986069,0.221112340048722,0.0085321134886339
7,8.0,0.5,-6.73434971155274,-0.169164384831336,-0.0050543990299871,0.110270550922814,0.169164384831336,0.0050543990299871
